
INSERT INTO flightsManagement.customer (username, password_c, ID, first_name, last_name, nationality, date_birth)
VALUES 	
('TiberiuNeagoe@gmail.com', 'jsstkCNUpefG', '1841011247681', 'Tiberiu', 'Neagoe', 'Romanian', '1984-10-11'),
('DrahoslavIordache@gmail.com', 'ePDhKUgJdTbx', '1941116100329', 'Drahoslav', 'Iordache', 'Romanian', '1994-11-16'),
('LucaArgetoianu@gmail.com', 'DHvFYxStfMnD', '1931020129650', 'Luca', 'Argetoianu', 'Romanian', '1993-10-20'),
('DanielTeodorescu@gmail.com', 'dSeVQzVBHMwm', '1921212518915', 'Daniel', 'Teodorescu', 'Romanian', '1992-12-12'),
('IosifBumbescu@gmail.com', 'AmeUDLkkJWFp', '1910622047630', 'Iosif', 'Bumbescu', 'Romanian', '1991-06-22'),
('EugenManole@gmail.com', 'TvRtZrVZVvZX', '1850718278079', 'Emanuel', 'Butacu', 'Romanian', '1985-07-18'),
('AurelGroza@gmail.com', 'acxBLTqHaVyz', '1890917143230', 'Aurel', 'Groza', 'Romanian', '1989-09-17'),
('SanduSzilágyi@gmail.com', 'WQLnwBvTqSYE', '5000827138173', 'Sandu', 'Szilágyi', 'Romanian', '2000-08-27'),
('GabrielVoicu@gmail.com', 'sXLXdkXJAxkE', '1870913321471', 'Gabriel', 'Voicu', 'Romanian', '1987-09-13'),
('CristinaBarbu@gmail.com', 'AvScRMTwsQnc', '6010611035510', 'Cristina', 'Barbu', 'Romanian', '2001-06-11'),
('BogdanaCosovei@gmail.com', 'qESqPXRMbqMM', '2840104450277', 'Bogdana', 'Cosovei', 'Romanian', '1984-01-04'),
('AugustinaTroester@gmail.com', 'xgmUakdFAvmX', '2910209450751', 'Augustina', 'Troester', 'Romanian', '1991-02-09'),
('ElenaLacusta@gmail.com', 'KKPBMTPEhwtH', '2930828114736', 'Elena', 'Lacusta', 'Romanian', '1993-08-28'),
('LuciaDraghici@gmail.com', 'nJWwdgNUdRUC', '2911112529279', 'Lucia', 'Draghici', 'Romanian', '1991-11-11'),
('IsabelaMorariu@gmail.com', 'aDHZZjxRZUAq', '2920202211893', 'Isabela', 'Morariu', 'Romanian', '1992-02-02'),
('OlimpiaBarbu@gmail.com', 'LaFYnpBkTbYF', '6000315398929', 'Olimpia', 'Barbu', 'Romanian', '2000-03-15'),
('CatalinaMoldovanu@gmail.com', 'cHsgWKHaqqFk', '6011023375337', 'Catalina', 'Moldovanu', 'Romanian', '2001-10-23'),
('ImanuelaLungu@gmail.com', 'GBUrzQmPpnqu', '2840722278995', 'Imanuela', 'Lungu', 'Romanian', '1984-07-22'),
('VictoriaArcos@gmail.com', 'mZmpdQGkfMmP', '2850824445564', 'Victoria', 'Arcos', 'Romanian', '1985-08-24'),
('CarlaEpureanu@gmail.com', 'tHtTyCWtNMKs', '2941029043160', 'Carla', 'Epureanu', 'Romanian', '1994-10-29'),
('MarinaTilea@gmail.com', 'LBRHzULLcVfu', '2880318122298', 'Marina', 'Tilea', 'Romanian', '1988-03-18'),
('DumitraMarandici@gmail.com', 'tqJDBXydpzJs', '2890903045286', 'Dumitra', 'Marandici', 'Romanian', '1989-09-03'),
('AncaVaduva@gmail.com', 'EaDCjBAFsvrz', '2931023195080', 'Anca', 'Vaduva', 'Romanian', '1993-10-23'),
('IleanaPescariu@gmail.com', 'xVcABfsamjJu', '2990123334061', 'Ileana', 'Pescariu', 'Romanian', '1999-01-23'),
('MagdaTomoiaga@gmail.com', 'DRTAcvQXuduh', '2951213271014', 'Magda', 'Tomoiaga', 'Romanian', '1995-12-13'),
('BrandusaOlinescu@gmail.com', 'vGZEcsejFeUD', '2841001193121', 'Brandusa', 'Olinescu', 'Romanian', '1984-10-01'),
('FloriMarcovici@gmail.com', 'vpCgUnhrscQU', '2980203088769', 'Flori', 'Marcovici', 'Romanian', '1998-02-03'),
('StefanaFilotti@gmail.com', 'RvcUdNxAsqCf', '2981115179803', 'Stefana', 'Filotti', 'Romanian', '1998-11-15'),
('VivianaAnghelescu@gmail.com', 'QRHmqVHFfZdw', '2900305275718', 'Viviana', 'Anghelescu', 'Romanian', '1990-03-05'),
('AbelLupei@gmail.com', 'KPukWXMRyvRA', '1981120342445', 'Abel', 'Lupei', 'Romanian', '1998-11-20'),
('SimuLupul@gmail.com', 'kWAxwcTSEcpM', '1921126393926', 'Simu', 'Lupul', 'Romanian', '1992-11-26'),
('CostinBucur@gmail.com', 'mqsFKxaXGmQG', '1950316420815', 'Costin', 'Bucur', 'Romanian', '1995-03-16'),
('TraianGheorghiu@gmail.com', 'aRkRBaMcnnXe', '1940427430963', 'Traian', 'Gheorghiu', 'Romanian', '1994-04-27'),
('VictorMatei@gmail.com', 'VhPbDmLWBBVE', '1900626280727', 'Victor', 'Matei', 'Romanian', '1990-06-26'),
('RobertVoiculescu@gmail.com', 'fAbvAamjCwZN', '1951215328141', 'Robert', 'Voiculescu', 'Romanian', '1995-12-15'),
('VladDobre@gmail.com', 'FuBXBgLgtnND', '1940405371381', 'Vlad', 'Dobre', 'Romanian', '1994-04-05'),
('FlaviuMilosovici@gmail.com', 'xqekLkENpBVs', '1870703360087', 'Flaviu', 'Milosovici', 'Romanian', '1987-07-03'),
('LucaGeorghiou@gmail.com', 'xEcUbNeMvTDy', '1920415387856', 'Luca', 'Georghiou', 'Romanian', '1992-04-05'),
('CatarinaCeausescu@gmail.com', 'yevvtBdGXPmB', '2940830371102', 'Catarina', 'Ceausescu', 'Romanian', '1994-08-03'),
('ManuelaMarcovici@gmail.com', 'vuLbrDYRbGcB', '2920421030261', 'Manuela', 'Marcovici', 'Romanian', '1992-04-21');
 
INSERT INTO flightsManagement.phone (type_phone, phone, id_customer)
VALUES
('personal', '0748913536', 1),
('personal', '0787561379', 2),
('home', '0231785062', 2),
('personal', '0761189426', 3),
('home', '0218113973', 3),
('personal', '0786212288', 4),
('personal', '0759737962', 5),
('personal', '0708480134', 6),
('personal', '0783800564', 7),
('home', '0276250946', 7),
('personal', '0735349265', 8),
('personal', '0735349265', 9),
('personal', '0760285393', 10),
('personal', '0727456993', 11),
('home', '0246883871', 11),
('personal', '0772647164', 12),
('personal', '0724292181', 13),
('home', '0217060805', 13),
('business', '0259471558', 13),
('personal', '0740660145', 14),
('business', '0721251015', 14),
('personal', '0745117041', 15),
('personal', '0741928059', 16),
('personal', '0733594154', 17),
('personal', '0742136511', 18),
('personal', '0742201919', 19),
('personal', '0723642241', 20),
('personal', '0747689890', 21),
('personal', '0722167161', 22),
('personal', '0726921013', 23),
('home', '0247275590', 23),
('personal', '0722912027', 24),
('personal', '0766295601', 25),
('personal', '0741282346', 26),
('personal', '0726372327', 27),
('personal', '0740886311', 28),
('personal', '0744113487', 29),
('personal', '0744644054', 30),
('personal', '0723365976', 31),
('home', '0254241942', 31),
('personal', '0721150019', 32),
('business', '0212245718', 32),
('personal', '0721201201', 33),
('personal', '0710800200', 34),
('personal', '0758771058', 35),
('personal', '0765311755', 36),
('personal', '0745778965', 37),
('personal', '0746606411', 38),
('personal', '0727115686', 39),
('personal', '0727376485', 40);

INSERT INTO flightsManagement.luggage (id_customer, luggage_no, max_weight)
VALUES 
(1, 1, 10.2),
(1, 2, 20.3),
(1, 3, 9.2),
(2, 1, 15.6),
(2, 2, 21.0),
(3, 1, 21.1),
(3, 2, 12.5),
(3, 3, 7.2),
(4, 1, 29.1),
(5, 1, 22.2),
(5, 2, 19.9),
(5, 3, 12.2),
(6, 1, 13.4),
(6, 2, 13.2),
(7, 1, 14.7),
(7, 2, 21.2),
(7, 3, 23.7),
(7, 4, 21.8),
(8, 1, 24.6),
(8, 2, 24.1),
(8, 3, 31.6),
(9, 1, 24.5),
(9, 2, 23.5),
(10, 1, 22.2),
(11, 1, 21.1),
(11, 2, 12.4),
(11, 3, 23.5),
(12, 1, 13.2),
(13, 1, 15.2),
(14, 1, 15.6),
(15, 1, 23.1),
(16, 1, 12.9),
(17, 1, 23.1),
(18, 1, 26.2),
(18, 2, 25.2),
(19, 1, 15.2),
(20, 1, 16.8),
(21, 1, 23.2),
(22, 1, 14.6),
(23, 1, 17.9),
(24, 1, 23.6),
(25, 1, 21.6),
(25, 2, 23.7),
(26, 1, 24.2),
(26, 2, 23.8),
(26, 3, 21.9),
(27, 1, 23.0),
(27, 2, 23.9),
(28, 1, 21.2),
(28, 2, 21.6),
(28, 3, 23.5),
(29, 1, 23.8),
(29, 2, 21.7),
(30, 1, 13.4),
(30, 2, 13.8),
(31, 1, 15.8),
(32, 1, 13.9),
(32, 2, 23.1),
(32, 3, 12.9),
(32, 4, 12.2),
(32, 5, 21.6),
(33, 1, 12.5),
(33, 2, 12.7),
(34, 1, 21.1),
(35, 1, 23.8),
(35, 2, 12.6),
(36, 1, 23.6),
(37, 1, 23.6),
(37, 2, 23.9),
(38, 1, 12.8),
(38, 2, 14.8),
(39, 1, 23.7),
(39, 2, 23.7),
(40, 1, 23.3),
(40, 2, 27.8),
(40, 3, 19.5);
 
INSERT INTO flightsManagement.aircraft (model, sits_no, max_weight, engine_check)
VALUES
('Airbus A340', 240, 275000, '2019-03-23'), 
('Airbus A340', 240, 275000, '2019-03-23'),
('Airbus A340', 240, 275000, '2019-03-23'),
('Boeing 777', 300, 340000, '2019-03-23'),
('Boeing 777', 300, 340000, '2019-03-23'),
('Boeing 747', 600, 440000, '2019-03-23'),
('Boeing 747', 600, 440000, '2019-03-23'),
('Airbus A318', 120, 70000, '2018-12-20'),
('Airbus A318', 120, 70000, '2018-12-20'),
('Airbus A318', 120, 70000, '2018-12-20'),
('Airbus A318', 120, 70000, '2018-12-20'),
('Airbus A318', 120, 70000, '2019-03-23'),
('Boeing 737', 210, 80000, '2019-03-23'),
('Boeing 737', 210, 80000, '2019-03-23'),
('Boeing 737', 210, 80000, '2019-03-23');

INSERT INTO flightsManagement.company (company_name, fiscal_number, employees_number, clients_services_phone, contact_email, website)
VALUES
('Wizz Air', 1000, 3686, '0900310020', 'contact@WizzAir.com', 'www.wizzair.com'),
('Emirates', 2000, 50000, '0314035030', 'contactUs@Emirates.com', 'www.Emirates.com'),
('Qatar Airways', 3000, 43000, '0097440226000', 'airways@QatarAirways.com', 'www.QatarAirways.com'),
('Tarom' , 4000, 2000, '0212046464', 'contact@Tarom.com', 'www.Tarom.ro'),
('Blue Air', 5000, 1500, '0374281841', 'BlueAir@gmail.com', 'www.BlueAir.ro');

INSERT INTO flightsManagement.flight (id_aircraft, id_company, departure_city, arrival_city, departure_time, arrival_time, time_flight, 
										departure_airport_adress, arrival_airport_adress, first_class_seats_no, second_class_seats_no, economic_class_seats_no,
                                        price_first_class_per_seat, price_second_class_per_seat, price_economic_class_per_seat, discount_under18 )
VALUES
(1, 4, 'Iasi', 'Roma', '06:00:00', '07:25:00', '01:25:00', 'Strada Moara de Vant nr. 34, Iasi 700750, Romania', 'Via dell Aeroporto di Fiumicino, 00054 Fiumicino RM, Italia', 40, 100, 100, 200, 145, 90, 30),
(2, 4, 'Bucharest', 'Paris', '09:25:00', '11:35:00', '02:10:00', 'Calea Bucurestilor 224E, Otopeni 075150, Romania', ' 95700 Roissy-en-France, France', 50, 110, 80, 190, 130, 90, 25), 
(3, 1, 'Cluj-Napoca', 'Athena', '14:10:00', '18:10:00', '04:00:00', 'Strada Traian Vuia 149-151, Cluj-Napoca 400397, Romanian', 'Greece', 30, 110, 100, 150, 110, 75, 15),
(4, 1, 'Bucharest', 'London', '03:15:00', '10:05:00', '06:50:00','Calea Bucurestilor 224E, Otopeni 075150, Romania', 'Hartmann Rd, Royal Docks, London E16 2PX, UK', 80, 120, 100, 190, 140, 85, 35),
(5, 2, 'Bucharest', 'Los Angeles', '07:00:00', '20:50:00', '13:50:00', 'Calea Bucurestilor 224E, Otopeni 075150, Romania', '1 World Way, Los Angeles, CA 90045, SUA', 50, 150, 100, 1000, 800, 650, 20),
(6, 2, 'Bucharest', 'New York', '21:10:00', '10:10:00', '13:10:10', 'Calea Bucurestilor 224E, Otopeni 075150, Romania', 'Queens, NY 11430, SUA', 200, 300, 100, 700, 600, 450, 20),
(7, 3, 'Bucharest', 'New Delhi', '10:15:00', '18:25:00', '08:15:00', 'Calea Bucurestilor 224E, Otopeni 075150, Romania', 'New Delhi, Delhi 110037, India', 200, 300, 100, 650, 500, 400, 35),
(8, 4, 'Targu Mures', 'Bucharest', '06:00:00', '07:00:00', '01:00:00', 'DN15, Ungheni 547605, Romania', 'Calea Bucurestilor 224E, Otopeni 075150, Romania', 10, 60, 50, 80, 50, 30, 10),
(9, 4, 'Cluj-Napoca', 'Budapest', '12:00:00', '14:10:00', '02:10:00', 'Strada Traian Vuia 149-151, Cluj-Napoca 400397, Romania', '1185 Budapest, Budapest-Ferihegy 1675. 53, Hungary', 20, 50, 50, 250, 170, 120, 20),
(10, 5, 'Bacau', 'Constanta', '10:20:00', '12:30:00', '02:10:00', 'Strada Aeroportului 1, Bacau 600324, Romania', 'Strada Tudor Vladimirescu, Constanta 907195, Romania', 10, 60, 50, 70, 45, 35, 5),
(11, 5, 'Bacau', 'Bucharest', '23:45:00', '01:00:00', '02:45:00', 'Strada Aeroportului 1, Bacau 600324, Romania', 'Calea Bucurestilor 224E, Otopeni 075150, Romania', 10, 60, 50, 75, 50, 40, 5),
(12, 5, 'Iasi', 'Timisoara', '20:10:00', '21:30:00', '01:20:00', 'Strada Moara de Vant nr. 34, Iasi 700750, Romania', 'Strada Aeroportului 2, Ghiroda 307200, Romania', 10, 60, 50, 60, 45, 25, 5),
(13, 4, 'Cluj-Napoca', 'Chisinau', '09:00:00', '11:00:00', '03:00:00', 'Strada Traian Vuia 149-151, Cluj-Napoca 400397, Romania', 'Bulevardul Dacia 80/3, Chisinau 2026, Moldova', 20, 100, 90, 200, 160, 100, 10),
(14, 2, 'Cluj-Napoca', 'Berlin', '10:00:00', '13:10:00', '03:10:00', 'Strada Traian Vuia 149-151, Cluj-Napoca 400397, Romania', 'Greifswalder Str. 49, 10405 Berlin, Germany', 20, 110, 80, 150, 125, 100, 25),
(15, 4, 'Timisoara', 'Kopenhagen', '12:00:00', '16:15:00', '04:15:00', 'Strada Aeroportului 2, Ghiroda 307200, Romania', 'Lufthavnsboulevarden 6, 2770 Kastrup, Denmark', 20, 100, 90, 140, 110, 90, 10),
(1, 3, 'Bucharest', 'Madrid', '11:00:00', '12:30:00', '01:30:00', 'Calea Bucurestilor 224E, Otopeni 075150, Romania', 'Av de la Hispanidad, s/n, 28042 Madrid, Spain', 40, 110, 90, 200, 170, 140, 10),
(4, 2, 'Bucharest', 'Côte d Azur', '09:00:00', '12:00:00', '03:00:00', 'Calea Bucurestilor 224E, Otopeni 075150, Romania', 'Rue Costes et Bellonte, 06206 Nice, France', 100, 120, 80, 200, 150, 120, 10),
(7, 2, 'Cluj-Napoca', 'London', '05:00:00', '10:00:00', '05:00:00', 'Strada Traian Vuia 149-151, Cluj-Napoca 400397, Romania', 'Hartmann Rd, Royal Docks, London E16 2PX, UK', 90, 110, 100, 180, 165, 155, 10),
(13, 4, 'Suceava', 'Sofia', '13:00:00', '16:10:00', '03:10:00', 'Salcea 727475, Romania', 'bul. "Christopher Columbus" 1, 1540 Sofia, Bulgaria', 10, 110, 90, 150, 120, 100, 15),
(2, 4, 'Bucharest', 'Warsaw', '10:20:00', '13:20:00', '03:00:00', 'Calea Bucurestilor 224E, Otopeni 075150, Romania', 'Zwirki i Wigury, 00-001 Warszawa, Poland', 20, 120, 100, 190, 170, 130, 10),
(8, 5, 'Iasi', 'Sibiu', '12:40:00', '14:00:00', '01:20:00', 'Strada Moara de Vant nr. 34, Iasi 700750, Romania', 'Soseaua Alba Iulia 73, Sibiu 550052, Romania', 20, 50, 50, 140, 110, 85, 20),
(6, 1, 'Sibiu', 'Madrid', '07:40:00', '10:40:00', '03:00:00', 'Soseaua Alba Iulia 73, Sibiu 550052, Romania', 'Av de la Hispanidad, s/n, 28042 Madrid, Spain', 100, 300, 200, 200, 180, 150, 5);

INSERT INTO flightsManagement.days (id_day, operation_days)
VALUES 
(1, 'Sunday'),
(2, 'Monday'),
(3, 'Tuesday'),
(4, 'Wednesday'),
(5, 'Thursday'),
(6, 'Friday'),
(7, 'Suturday');

INSERT INTO flightsManagement.flightDays (id_flight, id_day)
VALUES
(1, 6),
(2, 2),
(3, 5),
(3, 4),
(4, 4),
(5, 2),
(6, 3),
(7, 4),
(7, 1),
(8, 7),
(9, 1),
(9, 3),
(9, 6),
(10, 3),
(11, 4),
(11, 6),
(12, 2),
(13, 6),
(14, 1),
(15, 2),
(15, 4),
(16, 5),
(17, 5),
(17, 2),
(18, 5),
(18, 1),
(19, 3),
(20, 5),
(21, 5),
(22, 1);

INSERT INTO flightsManagement.staff (first_name, last_name, gender, date_of_birth, nationality, salary, job, date_of_employment)
VALUES
('Catalin', 'Ilica', 'M', '1988-02-05', 'Romanian', 6000, 'Pilot', '2010-05-02'),
('Teodor', 'Gabor', 'M', '1986-04-23', 'Romanian', 7000, 'Pilot', '2008-04-21'),
('Tavian', 'Pangratiu', 'M', '1990-01-23', 'Romanian',  5500, 'Pilot', '2013-11-23'),
('Petar', 'Amanar', 'M', '1992-07-05', 'Romanian',  5000, 'Pilot', '2017-04-21'),
('Ciodaru', 'Ianculescu', 'M', '1987-06-30', 'Romanian',  7000, 'Pilot', '2006-06-21'),
('Vali', 'Cinca', 'M', '1985-11-12', 'Romanian',  7500, 'Pilot', '2005-07-02'),
('Laurentiu', 'Marandici', 'M', '1995-01-01', 'Romanian', 6500, 'Pilot', '2014-05-23'),
('Nicu', 'Tismaneanu', 'M', '1989-04-22', 'Romanian',  6000, 'Pilot', '2011-05-04'),
('Augustin', 'Cucos', 'M', '1985-04-23', 'Romanian',  7500, 'Pilot', '2005-04-21'),
('Serghei', 'Ardelean', 'M', '1994-08-09', 'Romanian',  3000, 'Copilot', '2012-03-12'),
('Serban', 'Mechitbayeva', 'M', '1996-09-14', 'Romanian',  2900, 'Copilot', '2018-09-23'),
('Skender', 'Randa', 'M', '1994-07-02', 'Romanian',  3000, 'Copilot', '2015-12-04'),
('Vlad', 'Grul', 'M', '1995-02-23', 'Romanian',  3100, 'Copilot', '2012-05-21'),
('Sergiu', 'Petrescu', 'M', '1995-05-03', 'Romanian',  3200, 'Copilot', '2014-06-05'),
('Toma', 'Vulcan', 'M', '1990-12-31',' Romanian',  3200, 'Copilot', '2010-02-05'),
('Timotei', 'Neacsu', 'M', '1996-07-04', 'Romanian',  3100, 'Copilot', '2013-12-13'),
('David', 'Lazarescu', 'M', '1994-05-02', 'Romanian',  3100, 'Copilot', '2016-06-04'),
('Gabi', 'Pavlenco', 'M', '1997-11-25', 'Romanian',  3000, 'Copilot', '2017-05-06'),
('Marinela', 'Silivasi', 'F' ,'1998-04-04', 'Romanian',  900, 'Stewardess' ,'2019-01-23'),
('Mirela', 'Stanca', 'F' ,'1998-12-12',' Romanian',  850, 'Stewardess' ,'2019-06-05'),
('Silvia', 'Albescu', 'F' ,'1995-12-05', 'Romanian',  1000, 'Stewardess' ,'2018-04-23'),
('Dana', 'Alexandrescu', 'F' ,'1995-04-30', 'Romanian',  1000, 'Stewardess' ,'2018-02-12'),
('Rahela', 'Cardei', 'F' ,'1996-08-23', 'Romanian',  1000, 'Stewardess' ,'2016-09-23'),
('Atanasia', 'Voinea', 'F' ,'1997-08-27', 'Romanian',  1000, 'Stewardess' ,'2015-08-17'),
('Adriana', 'Bengescu', 'F' ,'1996-04-26', 'Romanian',  1000, 'Stewardess' ,'2014-10-31'),
('Laurentia', 'Rotaru', 'F' ,'1997-08-12','Romanian',  1000, 'Stewardess' ,'2017-06-23'),
('Sorinah', 'Puscas', 'F' ,'1996-11-25', 'Romanian',  1000, 'Stewardess' ,'2015-08-26'),
('Madalina', 'Voiculescu', 'F' ,'1995-10-15', 'Romanian',  1000, 'Stewardess' ,'2014-04-29'),
('Rodica', 'Cristescu', 'F' ,'1996-12-24', 'Romanian',  1000, 'Stewardess' ,'2015-05-21'),
('Tereza', 'Firtala', 'F' ,'1995-12-21', 'Romanian',  1000, 'Stewardess' ,'2016-06-04'),
('Lizuca', 'Draghicescu', 'F' ,'1996-06-24', 'Romanian',  1000, 'Stewardess' ,'2017-06-27'),
('Varduhi', 'Mechitbayeva', 'F', '1996-07-23', 'Romanian',  1000, 'Stewardess' ,'2016-04-23'),
('Emanuela', 'Potolea', 'F' ,'1998-10-12', 'Romanian',  1000, 'Stewardess' ,'2017-12-23'),
('Georgina', 'Nechita', 'F' ,'1995-12-06', 'Romanian',  1000, 'Stewardess' ,'2016-08-26'),
('Ioana', 'Ionita', 'F' ,'1996-02-29', 'Romanian',  1000, 'Stewardess' ,'2017-06-29'),
('Estera', 'Korzha', 'F' ,'1994-05-16', 'Romanian',  1000, 'Stewardess' ,'2017-08-29'),
('Michaël', 'Devillers', 'M', '1988-04-24', 'French',  7500, 'Pilot', '2014-05-27'),
('Sylvain', 'Boudet', 'M', '1989-05-12', 'French',  3500, 'Copilot', '2013-05-23'),
('Émilie', 'Matthieu', 'F' ,'1995-05-23', 'French',  1300, 'Stewardess', '2015-06-21'),
('Marie-Pierre', 'Roatta', 'F' ,'1996-06-04', 'French',  1300, 'Stewardess', '2014-06-23'),
('Thomas', 'Ryan', 'M', '1979-12-23', 'British',  10000, 'Pilot', '2001-05-21'),
('Sam', 'Gray', 'M', '1979-06-06', 'British', 8000, 'Pilot', '2002-06-21'),
('Joshua', 'v', 'M', '1981-06-04', 'British',  3600, 'Copilot', '2003-11-12'),
('Bobby', 'Martin', 'M', '1979-06-12', 'British',  4000, 'Copilot', '2005-12-30'),
('Georgia', 'Watts', 'F' ,'1995-12-26', 'British',  1300, 'Stewardess', '2016-06-06'),
('Amelia', 'Palmer', 'F' ,'1990-05-21', 'British',  1300, 'Stewardess', '2011-06-17'),
('Katherine', 'Stevens', 'F' ,'1991-12-01', 'British',  1300, 'Stewardess', '2012-02-06'),
('Hannah', 'Lane', 'F' ,'1995-06-30', 'British',  1300, 'Stewardess', '2015-06-06'),
('Rohan', 'Berger', 'M', '1977-06-25', 'American',  13000, 'Pilot', '1999-12-12'),
('Eliseo', 'Webster', 'M', '1980-06-04', 'American',  10000, 'Pilot', '2004-06-01'),
('Kamron', 'Dudley', 'M', '1975-06-12', 'American',  15000, 'Pilot', '1997-05-21'),
('Stanley', 'Carpenter', 'M', '1980-09-21', 'American',  4500, 'Copilot', '2000-04-21'),
('Brooks', 'Landry', 'M', '1983-05-02', 'American',  3000, 'Copilot', '2006-05-21'),
('Hank', 'Kaufman', 'M', '1980-06-04', 'American',  4000, 'Copilot', '2001-06-02'),
('Bria', 'Barrett', 'F' ,'1995-02-05', 'American',  1300, 'Stewardess', '2016-05-05'),
('Lilly', 'Garrison', 'F' ,'1995-02-15', 'American',  1400, 'Stewardess', '2016-05-05'),
('Maritza', 'Barrett', 'F' ,'1994-12-24', 'American',  1400, 'Stewardess', '2017-05-15'),
('Dalilah', 'Ramos', 'F' ,'1996-12-25', 'American',  1400, 'Stewardess', '2018-07-06'),
('Jaylee', 'Little', 'F' ,'1994-06-05', 'American',  2000, 'Stewardess', '2017-07-15'),
('Ariella', 'Romero', 'F' ,'1995-01-05', 'American',  1200, 'Stewardess', '2016-08-27'),
('Nazario', 'Casados', 'M' ,'1976-04-21' ,'Spanish', 8000, 'Pilot', '2010-10-30'),
('Gerardo', 'Calzadilla', 'M' ,'1980-02-26' ,'Spanish', 4000, 'Copilot', '2005-12-10'),
('Juanita', 'Casto', 'F' ,'1986-01-01' ,'Spanish', 1000, 'Stewardess', '2014-10-30'),
('Ivette', 'Galdamez', 'F' ,'1986-07-11' ,'Spanish', 1000, 'Stewardess', '2014-10-30'),
('Adalwin', 'Weiner', 'M' ,'1970-04-26' ,'German', 10000, 'Pilot', '2000-10-30'),
('Timon', 'Pfeiffer', 'M' ,'1980-02-26' ,'German', 4000, 'Copilot', '2015-12-15'),
('Susanna', 'Haeberle', 'F' ,'1986-11-11' ,'German', 2000, 'Stewardess', '2017-11-20'),
('Gisela', 'Wahl', 'F' ,'1986-08-13' ,'German', 2000, 'Stewardess', '2017-11-20'),
('Danus', 'Petran', 'M' ,'1970-04-26' ,'Romanian', 8000, 'Pilot', '2000-10-30'),
('Ioan', 'Ilica', 'M' ,'1980-02-26' ,'Romanian', 3000, 'Copilot', '2015-12-15'),
('Alina', 'Dragan', 'F' ,'1986-11-11' ,'Romanian', 1000, 'Stewardess', '2017-11-20'),
('Cristina', 'Urzica', 'F' ,'1986-08-13' ,'Romanian', 1000, 'Stewardess', '2017-11-20');

INSERT INTO flightsManagement.homeAdress (id_staff, street, street_no, building, floor, apartament, city, zip_code, country)
VALUES
(1, 'Bulevardul 3 August 1919', 15, 102, 10, 2, 'Timisoara', '300092', 'Romania'),
(2, 'Aleea Jupiter', 1, 23, 21, 0, 'Suceava', '720257', 'Romania'),
(3, 'Strada Valea Alba', 2, 455, 2, 1, 'Bacau', '600003', 'Romania'),
(4, 'Bulevard 1 Decembrie 1918', 80, 21, 123, 1, 'Targu Mures', '540003', 'Romania'),
(5, 'Strada Isac Emil', 2, 23, 21, 4, 'Cluj-Napoca', '400023', 'Romania'),
(6, 'Strada Horea', 30, 21, 34, 5, 'Cluj-Napoca', '400038', 'Romania'),
(7, 'Strada Boteanu', 23, 21, 14, 1, 'Bucuresti', '010027', 'Romania'),
(8, 'Bulevard Balcescu Nicolae', 1, 1, 2, 0, 'Bucuresti', '010046', 'Romania'),
(9, 'Cale Victoriei', 50, 12, 31, 3, 'Bucuresti', '010046', 'Romania'),
(10, 'Strada Albastrelelor', 23, 12, 45, 2, 'Timisoara', '300320', 'Romania'),
(11, 'Bulevardul 1 Mai ', 23, 5, 15, 2, 'Suceava', '720003', 'Romania'),
(12, 'Alee Parcului', 15, 2, 24, 2, 'Bacau', '600009', 'Romania'),
(13, 'Strada Violetelor', 1, 4, 52, 6, 'Targu Mures', '540012', 'Romania'),
(14, 'Strada Traian', 70, 231, 23, 2, 'Cluj-Napoca', '400046', 'Romania'),
(15, 'Strada Paris', 69, 23, 12, 2, 'Cluj-Napoca', '', 'Romania'),
(16, 'Cale Victoriei', 32, 2, 23, 2, 'Bucuresti', '010064', 'Romania'),
(17, 'Cale Victoriei', 23, 1, 123, 3, 'Bucuresti', '010063', 'Romania'),
(18, 'Cale Victoriei', 12, 5, 24, 1, 'Bucuresti', '010065', 'Romania'),
(19, 'Aleea Actorilor', 45, 123, 75, 6, 'Timisoara', '300463', 'Romania'),
(20, 'Strada Vasile Alecsandri', 34, 235, 12, 1, 'Timisoara', '300078 ', 'Romania'),
(21, 'Strada Stefan cel Mare', 20, 42, 52, 5, 'Suceava', '720005', 'Romania'),
(22, 'Strada Curtea Domneasca', 5, 1, 1, 0, 'Suceava', '720017', 'Romania'),
(23, 'Strada 9 Mai', 32, 15, 52, 7, 'Bacau', '600023', 'Romania'),
(24, 'Strada Razboieni', 23, 53, 21, 2, 'Bacau', '600033', 'Romania'),
(25, 'Strada Rodnei', 26, 23, 52, 4, 'Targu Mures', '540020', 'Romania'),
(26, 'Strada Rebreanu Liviu', 21, 25, 53, 4, 'Targu Mures', '540023', 'Romania'),
(27, 'Strada Brasov', 32, 2, 12, 42, 'Cluj-Napoca', '400066', 'Romania'),
(28, 'Bulevard 21 Decembrie 1989', 54, 2, 23, 1, 'Cluj-Napoca', '400094', 'Romania'),
(29, 'Piata Avram Iancu', 10, 23, 12, 2, 'Cluj-Napoca', '400098', 'Romania'),
(30, 'Piata Unirii', 20, 2, 123, 4, 'Cluj-Napoca', '400113', 'Romania'),
(31, 'Strada Stirbei Voda', 34, 2, 12, 2, 'Bucuresti', '010107', 'Romania'),
(32, 'Strada Stirbei Voda', 34, 2, 13, 2, 'Bucuresti', '010107', 'Romania'),
(33, 'Strada Stirbei Voda', 34, 2, 14, 3, 'Bucuresti', '010107', 'Romania'),
(34, 'Cale Plevnei', 23, 2, 34, 2, 'Bucuresti', '010236', 'Romania'),
(35, 'Cale Plevnei', 13, 54, 21, 2, 'Bucuresti', '010236', 'Romania'),
(36, 'Cale Plevnei', 24, 23, 4, 2, 'Bucuresti', '010236', 'Romania'),
(37, 'Allée Adrienne Lecouvreu', 23, 45, 52, 5, 'Paris', '75007', 'France'),
(38, 'Allée de la 2e Division Blindée', 21, 2, 52, 2, 'Paris', '75015', 'France'),
(39, 'Allée de la 2e Division Blindée', 123, 5, 23, 2, 'Paris', '75015', 'France'),
(40, 'Allée du Brindeau', 123, 52, 23, 1, 'Paris', '75016', 'France'),
(41, 'America Square', 23, 24, 23, 2, 'London', '65447', 'UK'),
(42, 'Camomile Street', 42, 23, 45, 4, 'London', '65456', 'UK'),
(43, 'Camomile Street', 123, 324, 232, 2, 'London', '65443', 'UK'),
(44, 'London Wall', 123, 52, 23, 2, 'London', '65432', 'UK'),
(45, 'Throgmorton Street', 123, 52, 5, 0, 'London', '65327', 'UK'),
(46, 'Houndsditch', 254, 35, 53, 5, 'London', '65466', 'UK'),
(47, 'Houndsditch', 321, 23, 52, 6, 'London', '65474', 'UK'),
(48, 'Broad Street', 23, 31, 52, 2, 'London', '65423', 'UK'),
(49, 'Lakewood Boulevard', 23, 25, 23, 1, 'Los Angeles', '90021', 'USA'),
(50, 'Beach Street', 242, 25, 32, 2, 'New York City', '90063', 'USA'),
(51, 'Street NW', 23, 21, 2, 0, 'Albuquerque', '90075', 'USA'),
(52, 'Manchester Boulevard', 23, 23, 5, 0, 'Los Angeles', '90001', 'USA'),
(53, 'Bleecker Street ', 525, 32, 532, 5, 'New York City', '90747', 'USA'),
(54, 'Street NW', 23, 21, 2, 0, 'Albuquerque', '90075', 'USA'),
(55, 'Vermont Avenue', 23, 42, 2, 0, 'Los Angeles', '90051', 'USA'),
(56, 'Vermont Avenue', 23, 42, 2, 0, 'Los Angeles', '90051', 'USA'),
(57, 'Beach Street', 21, 52, 24, 3, 'New York City', '90754', 'USA'),
(58, 'Macdougal Street', 63, 46, 23, 6, 'New York City', '90234', 'USA'),
(59, 'Street NW', 23, 21, 2, 0, 'Albuquerque', '90075', 'USA'),
(60, 'Street NW', 23, 21, 2, 0, 'Albuquerque', '90075', 'USA'),
(61, 'Extramuros', 14, 221, 4, 0, 'Madrid', '28400', 'Spain'),
(62, 'Cabanillas De La Sierra', 35, 21, 2, 0, 'Madrid', '28721', 'Spain'),
(63, 'Zarzalejo', 23, 71, 5, 0, 'Madrid', '28293', 'Spain'),
(64, 'Valle Del Sol', 34, 31, 7, 0, 'Madrid', '28213', 'Spain'),
(65, 'Wabmannsdorfer Chaussee', 24, 241, 45, 4, 'Berlin', '13469', 'Germany'),
(66, 'Genslerstrabe', 25, 215, 21, 2, 'Berlin', '28721', 'Germany'),
(67, 'Brandenburgische Strabe', 63, 21, 55, 5, 'Berlin', '12099', 'Germany'),
(68, 'Brandenburgische Strabe', 34, 31, 7, 0, 'Berlin', '13051', 'Germany'),
(69, 'Strada Strapungere Silvestru', 14, 21, 43, 4, 'Iasi', '700034', 'Romania'),
(70, 'Strada Panu Anastasie', 15, 25, 51, 5, 'Iasi', '700052', 'Romania'),
(71, 'Splai Bahlui Mal Stang ', 63, 21, 55, 5, 'Iasi', '700029', 'Romania'),
(72, 'Splai Bahlui Mal Stang', 63, 21, 55, 5, 'Iasi', '700029', 'Romania');

INSERT INTO flightsManagement.flightStaff (id_flight, id_staff)
VALUES
(22, 61),
(22, 62),
(22, 63),
(22, 64),
(14, 64),
(14, 66),
(14, 67),
(14, 68),
(5, 49),
(5, 52),
(5, 55),
(5, 56),
(2, 7),
(2, 16),
(2, 31),
(2, 32),
(12, 69),
(12, 70),
(12, 71),
(12, 72),
(10, 3),
(10, 12),
(10, 23),
(10, 24),
(19, 2),
(19, 11),
(19, 21),
(19, 22),
(6, 50),
(6, 53),
(6, 57),
(6, 58),
(4, 41),
(4, 43),
(4, 45),
(4, 46),
(1, 2),
(1, 11),
(1, 21),
(1, 22),
(13, 5),
(13, 14),
(13, 27),
(13, 28),
(20, 7),
(20, 16),
(20, 31),
(20, 32),
(16, 51),
(16, 54),
(16, 59),
(16, 60),
(21, 69),
(21, 70),
(21, 71),
(21, 72),
(7, 51),
(7, 54),
(7, 59),
(7, 60),
(9, 6),
(9, 15),
(9, 29),
(9, 30),
(17, 37),
(17, 38),
(17, 39),
(17, 40),
(15, 1),
(15, 10),
(15, 19),
(15, 20),
(18, 42),
(18, 44),
(18, 47),
(18, 48),
(3, 5),
(3, 14),
(3, 27),
(3, 28),
(11, 8),
(11, 17),
(11, 33),
(11, 34),
(8, 7),
(8, 16),
(8, 31),
(8, 32);

INSERT INTO flightsManagement.booking (id_customer, id_flight, departure_date, seats_first_class, seats_second_class, seats_economic_class,
										under18_persons, price_total)
VALUES
(1, 1, '2019-12-06', 1, 0, 0, 0, 200),
(2, 1, '2019-12-06', 2, 0, 0, 0, 400),
(3, 2, '2019-12-16', 1, 0, 0, 0, 190),
(4, 2, '2019-12-16', 1, 0, 0, 0, 190),
(5, 2, '2019-12-16', 3, 0, 0, 1, 522.5),
(6, 2, '2019-12-16', 4, 0, 0, 0, 760),
(7, 3, '2019-12-18', 1, 0, 0, 0, 150),
(8, 4, '2019-12-18', 1, 0, 0, 0, 190),
(9, 4, '2019-12-18', 1, 0, 0, 0, 190),
(10, 5, '2019-12-02', 1, 0, 0, 0, 1000),
(11, 6, '2019-12-03', 1, 0, 0, 0, 700),
(12, 7, '2019-12-04', 2, 0, 0, 0, 4550),
(13, 8, '2019-12-28', 2, 0, 0, 0, 160),
(14, 8, '2019-12-28', 2, 0, 0, 0, 160),
(15, 8, '2019-12-28', 3, 0, 0, 0, 240),
(16, 9, '2019-12-17', 4, 0, 0, 2, 900),
(17, 9, '2019-12-17', 4, 0, 0, 0, 1000),
(18, 9, '2019-12-13', 2, 0, 0, 0, 500),
(19, 10, '2019-12-03', 2, 0, 0, 0, 140),
(20, 11, '2019-12-25', 1, 0, 0, 0, 75),
(21, 12, '2019-12-09', 1, 0, 0, 0, 60),
(22, 13, '2019-12-20', 1, 0, 0, 0, 200),
(23, 13, '2019-12-20', 0, 0, 1, 0, 100),
(24, 13, '2019-12-20', 0, 0, 2, 0, 200),
(25, 13, '2019-12-20', 0, 0, 4, 2, 380),
(26, 14, '2019-12-01', 0, 2, 1, 0, 350),
(27, 14, '2019-12-01', 0, 2, 1, 0, 350),
(28, 14, '2019-12-01', 0, 1, 0, 0, 125),
(29, 15, '2019-12-04', 0, 1, 0, 0, 110),
(30, 15, '2019-12-04', 0, 3, 0, 0, 330),
(31, 16, '2019-12-12', 0, 2, 0, 0, 340),
(32, 16, '2019-12-12', 0, 1, 0, 0, 170),
(33, 17, '2019-12-12', 0, 1, 0, 0, 150),
(34, 17, '2019-12-12', 0, 2, 0, 0, 300),
(35, 17, '2019-12-12', 0, 0, 4, 1, 468),
(36, 18, '2019-12-01', 0, 0, 5, 3, 728.5),
(37, 18, '2019-12-01', 0, 0, 5, 0, 775),
(38, 19, '2019-12-03', 0, 0, 3, 0, 300),
(39, 20, '2019-12-05', 0, 0, 2, 0, 260),
(40, 21, '2019-12-05', 0, 0, 1, 0, 85);

INSERT INTO flightsManagement.payment (type_card, name_on_card, card_no, cvv, money_on_card, id_booking)
VALUES
('VISA', 'Tiberiu Neagoe', '4456315746191025', 990, 10000, 1),
('VISA', 'Drahoslav Iordache', '4247431527713483', 586, 10000, 2),
('VISA', 'Luca Argetoianu', '4453685326257070', 376, 10000, 3),
('VISA', 'Daniel Teodorescu', '4344778119293643', 694, 10000, 4),
('VISA', 'Iosif Bumbescu', '4806319911993923', 119, 10000, 5),
('VISA', 'Eugen Manole', '4725205903407766', 903, 10000, 6),
('VISA', 'Aurel Groza', '4174312965852438', 338, 10000, 7),
('VISA', 'Sandu Szilágyi', '4499977336611032', 732, 10000, 8),
('VISA', 'Manuela Marcovici', '4392321325926929', 597, 10000, 9),
('VISA', 'Catarina Ceausescu', '4720589492155638', 749, 10000, 10),
('VISA', 'Luca Georghiou', '4226899604523618', 486, 10000, 11),
('VISA', 'Flaviu Milosovici', '4147438047806904', 961, 10000, 12),
('VISA', 'Robert Voiculescu', '4167378476296950', 191, 10000, 13),
('VISA', 'Vlad Dobre', '4384288606221017', 789, 10000, 14),
('VISA', 'Victor Matei', '4362134052756054', 163, 10000, 15),
('VISA', 'Traian Gheorghiu', '4175902201998398', 699, 10000, 16),
('VISA', 'Costin Bucur', '4415955719856011', 386, 10000, 17),
('VISA', 'Simu Lupul', '4586049078196665', 704, 10000, 18),
('VISA', 'Abel Lupei', '4906609737160676', 683, 10000, 19),
('VISA', 'Viviana Anghelescu', '4758002539385585', 267, 10000, 20),
('VISA', 'Stefana Filotti', '4033558741649289', 919, 10000, 21),
('Master Card', 'Magda Tomoiaga', '5474765239660974', 779, 10000, 22),
('Master Card', 'Brandusa Olinescu', '5448015051772520', 852, 10000, 23),
('Master Card', 'Flori Marcovici', '5457249239514169', 266, 10000, 24),
('Master Card', 'Ileana Pescariu', '5579224294036203', 594, 10000, 25),
('Master Card', 'Anca Vaduva', '5386261666556619', 715, 10000, 26),
('Master Card', 'Dumitra Marandici', '5267761809767571', 635, 10000, 27),
('Master Card', 'Marina Tilea', '5462253891028040', 312, 10000, 28),
('Master Card', 'Carla Epureanu', '5555955535027166', 313, 10000, 29),
('Master Card', 'Victoria Arcos', '5506489667090305', 738, 10000, 30),
('Master Card', 'Imanuela Lungu', '5379731287696985', 996, 10000, 31),
('Master Card', 'Catalina Moldovanu', '5506869823833898', 400, 10000, 32),
('Master Card', 'Olimpia Barbu', '5155085181780902', 389, 10000, 33),
('Master Card', 'Isabela Morariu', '5131046376009613', 269, 10000, 34),
('Master Card', 'Lucia Draghici', '5391045321521917', 632, 10000, 35),
('VISA', 'Elena Lacusta', '4443617108374545', 303, 10000, 36),
('VISA', 'Augustina Troester', '4379159406140052', 688, 10000, 37),
('VISA', 'Bogdana Cosovei', '4950186098332165', 148, 10000, 38),
('VISA', 'Cristina Barbu', '4446047653654777', 285, 10000, 39),
('VISA', 'Gabriel Voicu', '4894357175700710', 796, 10000, 40);

INSERT INTO flightsManagement.rentCar (car_name, car_model, price_per_day)
VALUES
('BMW', '5 series', 50),
('Ford Mustang', 'GT', 60),
('Mercedez-Benz', 'S', 100),
('Volkswagen', 'Passat', 25),
('Volkswagen', 'Vento', 20),
('Volkswagen', 'Golf', 10),
('Fiat', 'Punto', 5),
('Fiat', 'Tipo', 15),
('Tesla', 'X model', 120),
('Renault', 'Captur', 60);

INSERT INTO flightsManagement.modelAvailability(countries_availability, id_rentCar)
VALUES
('Germany', 1),
('Romanian', 1),
('UK', 1),
('USA', 2),
('USA', 3),
('Germany', 3),
('Germany', 4),
('Frace', 4),
('Hungary', 4),
('Hungary', 5),
('Germany', 5),
('UK', 5),
('Germany', 6),
('Romanian', 6),
('Moldova', 6),
('Poland', 6),
('Poland', 7),
('Moldova', 7),
('India', 7),
('Greece', 7),
('Bulgaria', 7),
('France', 8),
('UK', 8),
('Greece', 8),
('USA', 9),
('France', 10),
('UK', 10),
('Hungary', 10);

INSERT INTO flightsManagement.callCab (company_name, phone_num, city)
VALUES
('Roma Taxi Service', '93932327315', 'Roma'),
('Yellow Cab NYC Taxi', '8006098731', 'New York City'),
('Independent Taxi Cab', '8005218294', 'Los Angeles'),
('Budapest Taxi', '617777777', 'Budapest'),
('Allo les taxiys parisiens', '3164488573', 'Paris'),
('The London Cab Company Ltd', '47885349994', 'London'),
('Athens Taxi Wagon Service', '06944866192', 'Athena'),
('Yellow taxi Sofia', '59291119', 'Sofia'),
('TAXI MERIDIAN', '0219444', 'Bucharest'),
('Agra Taxi Service Delhi', '19810417299', 'New Delhi'),
('Radio Taxi Madrid Airport', '4911760081', 'Madrid'),
('TAXI ROMARIS', '0241690000', 'Constanta'),
('Taxi', '0765525151', 'Timisoara	'),
('Taxi Chisinau', '7322288888', 'Chisinau'),
('Radio Cab Berlin', '93061026', 'Berlin'),
('TAXA 4x35', '535353535', 'Kopenhagen'),
('Central Taxi', '82952624141', 'Côte d Azur'),
('Glob Taxi Cab', '8666009668', 'Warsaw'),
('TAXI 924', '0269924', 'Sibiu');

INSERT INTO flightsManagement.medicalServices (type_service)
VALUES
('Disability: missing the right leg'),
('Disability: missing the left leg'),
('Disability: missing both legs'),
('Type 1 Diabetes'),
('Type 2 Diabetes'),
('Retard');

INSERT INTO flightsManagement.services (id_booking, id_rentCar, id_callCab, id_medicalServices)
VALUES
(1, NULL, 1, NULL),
(3, NULL, 5, NULL),
(5, 10, NULL, NULL),
(6, NULL, 5, NULL),
(7, 8, NULL, NULL),
(8, 5, NULL, 1),
(10, 2, NULL, NULL),
(11, NULL, 2, NULL),
(12, 7, NULL, NULL),
(13, NULL, 9, NULL),
(14, NULL, 9, NULL),
(15, NULL, 9, NULL),
(18, NULL, 4, NULL),
(19, NULL, 12, NULL),
(22, NULL, 14, NULL),
(23, NULL, 14, NULL),
(26, 4, NULL, 2),
(34, NULL, 17, NULL);